{
  "inputs": {
    "traffic_speed": 0.5526947401990586,
    "weather_condition": 0.3281821936485995
  }
}