{
  "inputs": {
    "traffic_speed": 0.9423769258184053,
    "weather_condition": 1.2945432995499764
  }
}